n,float,f_ulp,f_hex,double,d_ulp,d_hex,big_dec,f_abs_err,d_abs_err
0,0.00999999977648258209228515625,9.313225746154785E-10,0x1.47ae14p-7,0.01000000000000000020816681711721685132943093776702880859375,1.734723475976807E-18,0x1.47ae147ae147bp-7,0.01,2.2351741790771484375E-10,2.0816681711721685132943093776702880859375E-19
1,0.0396999977529048919677734375,3.725290298461914E-9,0x1.4538eep-5,0.03969999999999999917843496177738416008651256561279296875,6.938893903907228E-18,0x1.4538ef34d6a16p-5,0.0397,2.2470951080322265625E-9,8.2156503822261583991348743438720703125E-19
2,0.1540717184543609619140625,1.4901161193847656E-8,0x1.3b89f4p-3,0.1540717299999999900794733775910572148859500885009765625,2.7755575615628914E-17,0x1.3b89f58cb483dp-3,0.15407173,1.15456390380859375E-8,9.9205266224089427851140499114990234375E-18
3,0.545072615146636962890625,5.9604644775390625E-8,0x1.1713c2p-1,0.54507262604442130449200476505211554467678070068359375,1.1102230246251565E-16,0x1.1713c25d9c7b3p-1,0.5450726260444213,1.0897784337109375E-8,4.49200476505211554467678070068359375E-18
4,1.28897798061370849609375,1.1920928955078125E-7,0x1.49fa76p0,1.2889780011888005706310877940268255770206451416015625,2.220446049250313E-16,0x1.49fa76585e8d9p0,1.28897800118880056414607744431893,2.057509206805232744431893E-8,6.4850103497078955770206451416015625E-18
5,0.17151927947998046875,1.4901161193847656E-8,0x1.5f458p-3,0.17151914210917507119802394299767911434173583984375,2.7755575615628914E-17,0x1.5f456d8ff99ep-3,0.171519142109175610913273761193671,1.37370804857836726238806329E-7,5.3971524981819599188565826416015625E-16
6,0.5978205204010009765625,5.9604644775390625E-8,0x1.321588p-1,0.597820120107098063044759328477084636688232421875,1.1102230246251565E-16,0x1.32157a918066p-1,0.5978201201070997089503137911335163,4.002939012676121862088664837E-7,1.645905554462656431663311767578125E-15
7,1.3191139698028564453125,1.1920928955078125E-7,0x1.51b174p0,1.3191137924137967818438710310147143900394439697265625,2.220446049250313E-16,0x1.51b171061eaa9p0,1.319113792413797470626994133643777,1.77389058974685505866356223E-7,6.887831231026290626099605560302734375E-16
8,0.056271076202392578125,3.725290298461914E-9,0x1.ccf9p-5,0.05627157764625945191028222325257956981658935546875,6.938893903907228E-18,0x1.ccfa0d35eb98p-5,0.056271577646256386401594399327629,5.01443863808276594399327629E-7,3.06550868782392495056981658935546875E-15
9,0.21558500826358795166015625,1.4901161193847656E-8,0x1.b984a2p-3,0.2155868392326407978476510152177070267498493194580078125,2.7755575615628914E-17,0x1.b98597bf9e1c1p-3,0.2155868392326295612986012134287748,0.0000018309690416096384449634287748,1.12365490498017889322267498493194580078125E-14
10,0.72290933132171630859375,5.9604644775390625E-8,0x1.72212cp-1,0.72291430117960164825063884563860483467578887939453125,1.1102230246251565E-16,0x1.7221d2c2c1111p-1,0.7229143011795712513621222909971168,0.0000049698578549427683722909971168,3.039688851655464148803467578887939453125E-14
11,1.32384359836578369140625,1.1920928955078125E-7,0x1.52e76ap0,1.3238419441684310395856982722762040793895721435546875,2.220446049250313E-16,0x1.52e74e3f46c6bp0,1.323841944168441448402888057804996,0.000001654197342243003361942195004,1.04088171897855287919206104278564453125E-14
12,0.037688732147216796875,3.725290298461914E-9,0x1.34bfp-5,0.03769529725477038795133921667002141475677490234375,6.938893903907228E-18,0x1.34ccc49d82f8p-5,0.037695297254729258503304536646095,0.000006565107512461628304536646095,4.112944803468002392641475677490234375E-14
13,0.146493613719940185546875,1.4901161193847656E-8,0x1.2c04d8p-3,0.146518382713705042075247320099151693284511566162109375,2.7755575615628914E-17,0x1.2c11d4702538ep-3,0.1465183827135498364953261212295184,0.0000247689936096509484511212295184,1.55205579921198869633293284511566162109375E-13
14,0.5215933322906494140625,5.9604644775390625E-8,0x1.0b0e48p-1,0.521670621435700976320504196337424218654632568359375,1.1102230246251565E-16,0x1.0b186964b35ecp-1,0.5216706214352165673358859743612444,0.0000772891445671532733859743612444,4.84408984618221976179818654632568359375E-13
15,1.270194530487060546875,1.1920928955078125E-7,0x1.452b78p0,1.2702617739354724601952284501749090850353240966796875,2.220446049250313E-16,0x1.452fe028696bbp0,1.270261773935051164065703805012760,0.000067243447990617190703805012760,4.212961295246451621490850353240966796875E-13
16,0.24059581756591796875,1.4901161193847656E-8,0x1.ecbd8p-3,0.24035217277681031333713690401054918766021728515625,2.7755575615628914E-17,0x1.ec3dc28ccaa2p-3,0.240352172778335569568964358699029,0.000243644787582399181035641300971,1.52525623182745468847981233978271484375E-12
17,0.788724243640899658203125,5.9604644775390625E-8,0x1.93d3aap-1,0.7881011902316401585011362840305082499980926513671875,1.1102230246251565E-16,0x1.9381ffcbf7966p-1,0.7881011902355416563138925338039912,0.0006230534053580018892324661960088,3.9014978127562497734829500019073486328125E-12
18,1.28863918781280517578125,1.1920928955078125E-7,0x1.49e442p0,1.2890943027929768760486695100553333759307861328125,2.220446049250313E-16,0x1.4a02158ff4ac8p0,1.289094302790134367275832203100445,0.000455114977329191494582203100445,2.8425087728373069548883759307861328125E-12
19,0.17278385162353515625,1.4901161193847656E-8,0x1.61dc8p-3,0.1710848466919738797287209308706223964691162109375,2.7755575615628914E-17,0x1.5e61bb6b10ccp-3,0.171084846702589591212488525401300,0.001699004920945565037511474598700,1.06157114837675945306776035308837890625E-11
20,0.60157263278961181640625,5.9604644775390625E-8,0x1.340154p-1,0.59652931246504692364140964855323545634746551513671875,1.1102230246251565E-16,0x1.316c4a4049157p-1,0.5965293124966126232863083846945138,0.0050433202929991931199416153054862,3.156569964489873614127834365253448486328125E-11
21,1.32062160968780517578125,1.1920928955078125E-7,0x1.521442p0,1.318575587970122864334143741871230304241180419921875,2.220446049250313E-16,0x1.518e2b73a2b9ep0,1.318575587983406541408380927506231,0.002046021704398634372869072493769,1.3283677074237185635000695758819580078125E-11
22,0.050362110137939453125,3.725290298461914E-9,0x1.9c91p-5,0.05837760830822613655755048966966569423675537109375,6.938893903907228E-18,0x1.de3ab7d014b8p-5,0.058377608256267310149084303733744,0.008015498118327857024084303733744,5.195882640846618593592169423675537109375E-11
23,0.19383941590785980224609375,1.4901161193847656E-8,0x1.8cfbaep-3,0.2232865977775385368797600449397577904164791107177734375,2.7755575615628914E-17,0x1.c94a7bd8b7923p-3,0.2232865975879026129487324219279064,0.0294471816800428107026386719279064,1.896359239310276230118513904164791107177734375E-10
24,0.6626365184783935546875,5.9604644775390625E-8,0x1.534518p-1,0.74357567686894932013075276699964888393878936767578125,1.1102230246251565E-16,0x1.7cb5f37c81a39p-1,0.7435756763644645808816576530406820,0.0809391578860710261941576530406820,5.0448473924909511395896688393878936767578125E-10
25,1.3332846164703369140625,1.1920928955078125E-7,0x1.555224p0,1.31558834578244887580922295455820858478546142578125,2.220446049250313E-16,0x1.50ca65d822654p0,1.315588346015245412485315727849210,0.017696270455091501577184272150790,2.3279653667609277329100141521453857421875E-10
26,0.000195026397705078125,1.4551915228366852E-11,0x1.99p-13,0.070035296453994533294462598860263824462890625,1.3877787807814457E-17,0x1.1edd54bd5e8p-4,0.070035295547594379966700037457728,0.069840269149889301841700037457728,9.06400153327762561402535824462890625E-10
27,0.0007799915038049221038818359375,5.820766091346741E-11,0x1.98f0bp-11,0.26542635756778143463208152752486057579517364501953125,5.551115123125783E-17,0x1.0fcbed5500062p-2,0.2654263543230608403193617711183898,0.2646463628192559182154799351808898,3.24472059431271975640647077579517364501953125E-9
28,0.00311814085580408573150634765625,2.3283064365386963E-10,0x1.98b372p-9,0.85035197639602644326117797390907071530818939208984375,1.1102230246251565E-16,0x1.b36155916b77bp-1,0.8503519685845502471674758217403823,0.8472338277287461614359694740841323,7.81147619609370215216868841530818939208984375E-9
29,0.01244339533150196075439453125,9.313225746154785E-10,0x1.97bec4p-7,1.23211245430222060548430818016640841960906982421875,2.220446049250313E-16,0x1.3b6bb8c838eacp0,1.232112462911341197202309368914750,1.219669067579839236447914837664750,8.60912059171800118874834158039093017578125E-9
30,0.049309067428112030029296875,3.725290298461914E-9,0x1.93f09cp-5,0.37414651706895796223761863075196743011474609375,5.551115123125783E-17,0x1.7f2043bae4d8p-2,0.374146487861011377075819690789272,0.324837420432899347046522815789272,2.920794658516179893996269543011474609375E-8
31,0.1899421215057373046875,1.4901161193847656E-8,0x1.85006p-3,1.0766292195713358381681246100924909114837646484375,2.220446049250313E-16,0x1.139df8f7fa158p0,1.076629168307855707079555369069696,0.886687046802118402392055369069696,5.12634801310885692410227949114837646484375E-8
32,0.65153443813323974609375,5.9604644775390625E-8,0x1.4d95ecp-1,0.829125448980992274528034613467752933502197265625,1.1102230246251565E-16,0x1.a883217f4f32p-1,0.829125575077627553371215626265788,0.177591136944387807277465626265788,1.26096635278843181012798035066497802734375E-7
33,1.33264636993408203125,1.1920928955078125E-7,0x1.55285p0,1.25415476548017323921158094890415668487548828125,2.220446049250313E-16,0x1.41104965dc22p0,1.254154642567090399518270326476310,0.078491727366991631731729673523690,1.2291308283969331062242784668487548828125E-7
34,0.00274658203125,2.3283064365386963E-10,0x1.68p-9,0.29790653459080740361741845845244824886322021484375,5.551115123125783E-17,0x1.310e691d542fp-2,0.297906967850602763171466979661147,0.295160385819352763171466979661147,4.3325979535955404852120869875113677978515625E-7
35,0.0109636969864368438720703125,9.313225746154785E-10,0x1.674228p-7,0.9253812283075177891333851221133954823017120361328125,1.1102230246251565E-16,0x1.d9cb917fd381ap-1,0.9253821869205908477259065633907658,0.9144184899341540038538362508907658,9.586130730585925214412773703176982879638671875E-7
36,0.04349417984485626220703125,3.725290298461914E-9,0x1.644de8p-5,1.132533660118280049999839320662431418895721435546875,2.220446049250313E-16,0x1.21edb9d7d3c2ep0,1.132532172072557373880008460039187,1.089037992227701111672977210039187,0.000001488045722676119830860623244418895721435546875
37,0.1683014929294586181640625,1.4901161193847656E-8,0x1.58ae74p-3,0.68223716657039634725379073643125593662261962890625,1.1102230246251565E-16,0x1.5d4e309d12348p-1,0.682241325952075382094587830884323,0.513939833022616763930525330884323,0.00000415938167903484079709445306706337738037109375
38,0.58822977542877197265625,5.9604644775390625E-8,0x1.2d2c74p-1,1.332606011931577238982526978361420333385467529296875,2.220446049250313E-16,0x1.5525aae7b2f8ep0,1.332605623297763629578451461537247,0.744375847868991656922201461537247,3.88633813609404075516824173333385467529296875E-7
39,1.3148763179779052734375,1.1920928955078125E-7,0x1.509bbcp0,0.0029076986177596353400076623074710369110107421875,4.3368086899420177E-19,0x1.7d1e2cf097p-9,0.002909251456591208441015085187168,1.311967066521314064996484914812832,0.0000015528388315731010074228796969630889892578125
40,0.07280635833740234375,7.450580596923828E-9,0x1.2a37p-4,0.0116054303372833782226347665300636435858905315399169921875,1.734723475976807E-18,0x1.7c4967e097fd6p-7,0.01161161459425179956014435640621742,0.06119474374315054418985564359378258,0.0000061842569684213375095898761537764141094684600830078125
41,0.2753231227397918701171875,2.9802322387695312E-8,0x1.19ee4ep-2,0.046017663309192900766841916038174531422555446624755859375,6.938893903907228E-18,0x1.78fa08de713c3p-5,0.04604196959655087408938522547825518,0.22928115314324099602780227452174482,0.000024306287357973322543309440080648577444553375244140625
42,0.873884022235870361328125,5.9604644775390625E-8,0x1.bf6dbap-1,0.1777177772274568801069705159534350968897342681884765625,2.7755575615628914E-17,0x1.6bf74c48e0bfdp-3,0.1778082894932143511794437990994251,0.6960757327426560101486812009005749,0.0000905122657574710724732831459900031102657318115234375
43,1.2045161724090576171875,1.1920928955078125E-7,0x1.345b2cp0,0.6161202838818236049434062806540168821811676025390625,1.1102230246251565E-16,0x1.3b741e2b596e2p-1,0.6163857945353492416272218044324502,0.5881303778737083755602781955675498,0.0002655106535256366838155237784333178188323974609375
44,0.465487003326416015625,2.9802322387695312E-8,0x1.dca8ap-2,1.3256685228954376842835927163832820951938629150390625,2.220446049250313E-16,0x1.535f03272c2b1p0,1.325748835026475653442933002562025,0.860261831700059637817933002562025,0.0000803121310379691593402861787429048061370849609375
45,1.211913585662841796875,1.1920928955078125E-7,0x1.363ff8p0,0.030482993794436197276809252798557281494140625,3.469446951953614E-18,0x1.f36ef15b9ap-6,0.030165419383730538522636126794468,1.181748166279111258352363873205532,0.000317574410705658754173126004089281494140625
46,0.44145107269287109375,2.9802322387695312E-8,0x1.c40bcp-2,0.1191443364457298870195955942108412273228168487548828125,1.3877787807814457E-17,0x1.e803e4489bc62p-4,0.1179318199551331157830113700975015,0.3235192527377379779669886299024985,0.0012125164905967712365842241133397273228168487548828125
47,1.181167125701904296875,1.1920928955078125E-7,0x1.2e60f8p0,0.4339912270616397282907428234466351568698883056640625,5.551115123125783E-17,0x1.bc68323bec304p-2,0.4300035373467426630066388327542324,0.7511635883551616338683611672457676,0.0039876897148970652841039906924027568698883056640625
48,0.539201259613037109375,5.9604644775390625E-8,0x1.14123p-1,1.17091975274715576205153411137871444225311279296875,2.220446049250313E-16,0x1.2bc1659c4a18cp0,1.165305022994836115535941392574895,0.626103763381799006160941392574895,0.00561472975231964651559271880381944225311279296875
49,1.28459107875823974609375,1.1920928955078125E-7,0x1.48daf6p0,0.57051980886824171790294712991453707218170166015625,1.1102230246251565E-16,0x1.241b2c219e588p-1,0.587412702128357878168640522384466,0.697178376629881867925109477615534,0.01689289326011616026569339246992892781829833984375
50,0.1878414154052734375,1.4901161193847656E-8,0x1.80b3p-3,1.305600678539801773325734757236205041408538818359375,2.220446049250313E-16,0x1.4e3bd897f6bf6p0,1.314489760648214812396967209350693,1.126648345242941374896967209350693,0.008889082108413039071232452114487958591461181640625
51,0.64551246166229248046875,5.9604644775390625E-8,0x1.4a809cp-1,0.10862331874843533796592964790761470794677734375,1.3877787807814457E-17,0x1.bcebce19b86p-4,0.074309050045856049270514797886692,0.571203411616436431198235202113308,0.03431426870257928869541485002092270794677734375
52,1.33199083805084228515625,1.1920928955078125E-7,0x1.54fd5ap0,0.39909619886596880977691625957959331572055816650390625,5.551115123125783E-17,0x1.98acac885957ap-2,0.2806706954272715803274799739312558,1.0513201426235707048287700260687442,0.11842550343869722944943628564833751572055816650390625
53,0.00536441802978515625,4.6566128730773926E-10,0x1.5f9p-8,1.118551467616080596911842803820036351680755615234375,2.220446049250313E-16,0x1.1e5963944dca6p0,0.8863546638942015773366640943671918,0.8809902458644164210866640943671918,0.232196803721879019575178709452844551680755615234375
54,0.02137134037911891937255859375,1.862645149230957E-9,0x1.5e25e6p-6,0.7207337133460587352828952134586870670318603515625,1.1102230246251565E-16,0x1.7104025fe455p-1,1.188544884955797173542022949292438,1.167173544576678254169464355542438,0.4678111716097384382591277358337509329681396484375
55,0.08411516249179840087890625,7.450580596923828E-9,0x1.588924p-4,1.324563596723438596569621950038708746433258056640625,2.220446049250313E-16,0x1.531699916638ap0,0.516262709159421278897257873964281,0.432147546667622878018351623964281,0.808300887564017317672364076074427746433258056640625
56,0.3152345716953277587890625,2.9802322387695312E-8,0x1.42ccdap-2,0.0348482215989580623727306374348700046539306640625,6.938893903907228E-18,0x1.1d7a0482ebdp-5,1.265469282031809504618328767255131,0.950234710336481745829266267255131,1.2306210604328514422455981298202609953460693359375
57,0.9628198146820068359375,5.9604644775390625E-8,0x1.ecf6b8p-1,0.1357496907500019833747728625894524157047271728515625,2.7755575615628914E-17,0x1.1603ef11b4fc8p-3,0.257639616828927740649486400438559,0.705180197853079095288013599561441,0.1218899260789257572747135378491065842952728271484375
58,1.07021331787109375,1.1920928955078125E-7,0x1.11f98p0,0.48771482738384441812939940064097754657268524169921875,5.551115123125783E-17,0x1.f36b84058d34ep-2,0.8314239508364408437804944032621740,0.2387893670346529062195055967378260,0.34370912345259642565109500262119645342731475830078125
59,0.844783782958984375,5.9604644775390625E-8,0x1.b0878p-1,1.23726205098521813141587699647061526775360107421875,2.220446049250313E-16,0x1.3cbd34ad903acp0,1.251898445272334171359208219337242,0.407114662313349796359208219337242,0.01463639428711603994333122286662673224639892578125
60,1.23815631866455078125,1.1920928955078125E-7,0x1.3cf7dp0,0.35659605551642670207002083770930767059326171875,5.551115123125783E-17,0x1.6d2784314d78p-2,0.305844629263474256344597337362175,0.932311689401076524905402662637825,0.05075142625295244572542350034713267059326171875
61,0.35353183746337890625,2.9802322387695312E-8,0x1.6a044p-2,1.044901981636083387883218165370635688304901123046875,2.220446049250313E-16,0x1.0b7eb23ea70eep0,0.9427557053059609850735476853801507,0.5892238678425820788235476853801507,0.102146276330122402809670479990484988304901123046875
62,1.039173126220703125,1.1920928955078125E-7,0x1.0a074p0,0.9041474728632916679771369672380387783050537109375,1.1102230246251565E-16,0x1.ceec6ae56af3p-1,1.104657861563024079900312818468983,0.065484735342320954900312818468983,0.2005103886997324119231758512309442216949462890625
63,0.917049884796142578125,5.9604644775390625E-8,0x1.d5879p-1,1.16414193339793659021097482764162123203277587890625,2.220446049250313E-16,0x1.2a0534abd8aa4p0,0.757824472913116500885227022548182,0.159225411883026077239772977451818,0.40631746048482008932574780509343923203277587890625
64,1.1452581882476806640625,1.1920928955078125E-7,0x1.252fa4p0,0.59088841030528893583095850772224366664886474609375,1.1102230246251565E-16,0x1.2e88ecfbb17b8p-1,1.308404096414337468092554651849837,0.163145908166656804030054651849837,0.71751568610904853226159614412759333335113525390625
65,0.64618396759033203125,5.9604644775390625E-8,0x1.4ad8ap-1,1.31610630092182123718203001772053539752960205078125,2.220446049250313E-16,0x1.50ec57b084cd4p0,0.097852547115893181583785113498218,0.548331420474438849666214886501782,1.21825375380592805559824490422231739752960205078125
66,1.332074642181396484375,1.1920928955078125E-7,0x1.5502d8p0,0.06801781770892656453497693291865289211273193359375,1.3877787807814457E-17,0x1.1699d9e9ae9cp-4,0.3626848255323684413074055618411272,0.9693898166490280430675944381588728,0.29466700782344187677242862892247430788726806640625
67,0.0050296783447265625,4.6566128730773926E-10,0x1.49ap-8,0.258192000258051945760229273219010792672634124755859375,5.551115123125783E-17,0x1.08637bd4c9e37p-2,1.056118454115140159552778831062024,1.051088775770413597052778831062024,0.797926453857088213792549557843013207327365875244140625
68,0.02004281990230083465576171875,1.862645149230957E-9,0x1.4861aep-6,0.8327786740404461429676530315191484987735748291015625,1.1102230246251565E-16,0x1.aa61f7639eb32p-1,0.878315249092900406370178892431667,0.858272429190599571714417173681667,0.0455365750524542634025258609125185012264251708984375
69,0.078966133296489715576171875,7.450580596923828E-9,0x1.4371fep-4,1.2505537363520939919681040919385850429534912109375,2.220446049250313E-16,0x1.40244a2785d98p0,1.198947966004230561135474952731452,1.119981832707740845559303077731452,0.0516057703478634308326291392071330429534912109375
70,0.297157585620880126953125,2.9802322387695312E-8,0x1.304a14p-2,0.31056100289582833084978119586594402790069580078125,5.551115123125783E-17,0x1.3e03b41b66f5p-2,0.483363188459877440531348047855322,0.186205602838997313578223047855322,0.17280218556404910968156685198937797209930419921875
71,0.923722445964813232421875,5.9604644775390625E-8,0x1.d8f226p-1,0.9528996020243252207393425123882479965686798095703125,1.1102230246251565E-16,0x1.e7e274e621bcap-1,1.232532837965212775023853572398747,0.308810392000399542601978572398747,0.2796332359408875542845110600104990034313201904296875
72,1.13510036468505859375,1.1920928955078125E-7,0x1.2295fp0,1.08754545348294850981574199977330863475799560546875,2.220446049250313E-16,0x1.166960fb9f6ccp0,0.372719761873106750847749268819969,0.762380602811951842902250731180031,0.71482569160984175896799273095333963475799560546875
73,0.6750428676605224609375,5.9604644775390625E-8,0x1.599f38p-1,0.801916473757497971774910183739848434925079345703125,1.1102230246251565E-16,0x1.9a94cbc9d2fe4p-1,1.074118984820190801083292950977113,0.399076117159668340145792950977113,0.272202511062692829308382767237264565074920654296875
74,1.33312284946441650390625,1.1920928955078125E-7,0x1.55478ap0,1.2784558023790122405216607148759067058563232421875,2.220446049250313E-16,0x1.4748e124996b8p0,0.835281158627291374640636610096099,0.497841690837125129265613389903901,0.4431746437517208658810241047798077058563232421875
75,0.000841617584228515625,5.820766091346741E-11,0x1.b94p-11,0.210475493606356423015313339419662952423095703125,2.7755575615628914E-17,0x1.af0dc68d30a8p-3,1.248040792635914610502606345059193,1.247199175051686094877606345059193,1.037565299029558187487293005639530047576904296875
76,0.00336434529162943363189697265625,2.3283064365386963E-10,0x1.b8f8b2p-9,0.70900217419890754211309058518963865935802459716796875,1.1102230246251565E-16,0x1.6b02553df453fp-1,0.319345710293812403980997158973323,0.315981365002182970349100186317073,0.38965646390509513813209342621631565935802459716796875
77,0.013423425145447254180908203125,9.313225746154785E-10,0x1.b7dbdap-7,1.327956447739296219623383876751177012920379638671875,2.220446049250313E-16,0x1.53f4f4298d77ep0,0.9714377931260709311283012642521017,0.9580143679806236769473930611271017,0.356518654613225288495082612499075312920379638671875
78,0.053153134882450103759765625,3.725290298461914E-9,0x1.b36e34p-5,0.0214208096800749814292430528439581394195556640625,3.469446951953614E-18,0x1.5ef56341e7ap-6,1.054677014763330774885131538076708,1.001523879880880671125365913076708,1.0332562050832557934558884852327498605804443359375
79,0.20413677394390106201171875,1.4901161193847656E-8,0x1.a21276p-3,0.08430668545824994419835007875008159317076206207275390625,1.3877787807814457E-17,0x1.5951f78e09981p-4,0.881677242643049975691564195190807,0.677540468699148913679845445190807,0.79737055718480003149321411644072540682923793792724609375
80,0.691531658172607421875,5.9604644775390625E-8,0x1.62107p-1,0.315903890194130898549929042928852140903472900390625,5.551115123125783E-17,0x1.437c4f34407a8p-2,1.194644689988245035310284793361782,0.503113031815637613435284793361782,0.878740799794114136760355750432929859096527099609375
81,1.331478595733642578125,1.1920928955078125E-7,0x1.54dbc8p0,0.96422975725716708605972371515235863626003265380859375,1.1102230246251565E-16,0x1.edaf85d27fc53p-1,0.497050954001649878126959251198157,0.834427641731992699998040748801843,0.46717880325551720793276446395420163626003265380859375
82,0.007408618927001953125,4.6566128730773926E-10,0x1.e588p-8,1.067701954688021981354495437699370086193084716796875,2.220446049250313E-16,0x1.1154ea5142a4ep0,1.247024863384748723525895864936109,1.239616244457746770400895864936109,0.179322908696726742171400427236738913806915283203125
83,0.02946981228888034820556640625,1.862645149230957E-9,0x1.e2d55ap-6,0.85084542661821860320969790336675941944122314453125,1.1102230246251565E-16,0x1.b3a203028d868p-1,0.322886423839741241193657711434710,0.293416611550860892988091305184710,0.52795900277847736201604019193204941944122314453125
84,0.115273840725421905517578125,7.450580596923828E-9,0x1.d82962p-4,1.2315678864814589843490466591902077198028564453125,2.220446049250313E-16,0x1.3b4808733de08p0,0.9787787672589139019715324568653274,0.8635049265334919964539543318653274,0.2527891192225450823775142023248803198028564453125
85,0.4212311804294586181640625,2.9802322387695312E-8,0x1.af573ap-2,0.3759931688886126721627078950405120849609375,5.551115123125783E-17,0x1.81045a6f958p-2,1.041091443325018162299888158172182,0.619860262895559544135825658172182,0.6650982744364054901371802631316699150390625
86,1.15261757373809814453125,1.1920928955078125E-7,0x1.2711f2p0,1.0798600864017482425794014488928951323032379150390625,2.220446049250313E-16,0x1.1471b5eb59eb1p0,0.912751593206364136342649647233803,0.239865980531734008188600352766197,0.1671084931953841062367518016590921323032379150390625
87,0.6248886585235595703125,5.9604644775390625E-8,0x1.3ff168p-1,0.821146926996219495009654565365053713321685791015625,1.1102230246251565E-16,0x1.a46d5eb951bf4p-1,1.151659960123188433133904162508618,0.526771301599628862821404162508618,0.330513033126968938124249597143564286678314208984375
88,1.3280971050262451171875,1.1920928955078125E-7,0x1.53fe2cp0,1.26174088083887436795293979230336844921112060546875,2.220446049250313E-16,0x1.4301734b3aaccp0,0.627677849239921816637362025229463,0.700419255786323300550137974770537,0.63406303159895255131557776707390544921112060546875
89,0.020862579345703125,1.862645149230957E-9,0x1.55dp-6,0.27099337221532149300173841766081750392913818359375,5.551115123125783E-17,0x1.157f495c63e7p-2,1.328772949680325204606089812440258,1.307910370334622079606089812440258,1.05777957746500371160435139477944049607086181640625
90,0.08214457333087921142578125,7.450580596923828E-9,0x1.5076d4p-4,0.86366126550739064082762297402950935065746307373046875,1.1102230246251565E-16,0x1.ba31cf345a38fp-1,0.018179143314844643615058037083487,0.063965430016034567810723212916513,0.84548212219254599721256493694602235065746307373046875
91,0.3083350956439971923828125,2.9802322387695312E-8,0x1.3bbc32p-2,1.21691271741608009193669204250909388065338134765625,2.220446049250313E-16,0x1.3787978363784p0,0.07172512950439359236847763743802920,0.23660996613960360001433486256197080,1.14518758791168649956821440507106468065338134765625
92,0.94812881946563720703125,5.9604644775390625E-8,0x1.e57124p-1,0.425021184237355242885314510203897953033447265625,5.551115123125783E-17,0x1.b338c0d9a064p-2,0.2714670354103082728342570172118356,0.6766617840553289341969929827881644,0.153554148827046970051057492992062353033447265625
93,1.0956704616546630859375,1.1920928955078125E-7,0x1.187ddcp0,1.15815571579784926115053167450241744518280029296875,2.220446049250313E-16,0x1.287ce49b06f8cp0,0.8647850876978483942582486392360028,0.2308853739568146916792513607639972,0.29337062810000086689228303526641464518280029296875
94,0.781200408935546875,5.9604644775390625E-8,0x1.8ff98p-1,0.6086488770857112484691242570988833904266357421875,1.1102230246251565E-16,0x1.37a0d35ba917p-1,1.215580607077667562523438313141533,0.434380198142120687523438313141533,0.6069317299919563140543140560426496095733642578125
95,1.2939794063568115234375,1.1920928955078125E-7,0x1.4b423cp0,1.323235141609753195979237716528587043285369873046875,2.220446049250313E-16,0x1.52bf89ca21beep0,0.429413791400737806296946923267290,0.864565614956073717140553076732710,0.893821350209015389682290793261297043285369873046875
96,0.152769565582275390625,1.4901161193847656E-8,0x1.38df4p-3,0.0400868464660621981465737917460501194000244140625,6.938893903907228E-18,0x1.486435d249dp-5,1.164466552867482138112041424606133,1.011696987285206747487041424606133,1.1243797064014199399654676328600828805999755859375
97,0.541062653064727783203125,5.9604644775390625E-8,0x1.15062ap-1,0.1555265200854678564468258628039620816707611083984375,2.7755575615628914E-17,0x1.3e84b02b6c138p-3,0.589919153228698832457089914240586,0.048856500163971049253964914240586,0.4343926331432309760102640514366239183292388916015625
98,1.28600418567657470703125,1.1920928955078125E-7,0x1.493792p0,0.5495405849921850549577584388316608965396881103515625,1.1102230246251565E-16,0x1.195d6230bb772p-1,1.315662790876600173460397842738741,0.029658605200025466429147842738741,0.7661222058844151185026394039070801034603118896484375
99,0.1825962066650390625,1.4901161193847656E-8,0x1.75f5p-3,1.2921777763080812828633270328282378613948822021484375,2.220446049250313E-16,0x1.4acc29a9dc787p0,0.069745425614787011959961896896766,0.112850781050252050540038103103234,1.2224323506932942709033651359314718613948822021484375
